"Path","FileName","Classes","ImportRefs","SymbolRefs","IsZeroReferenced"
"C:/Users/MSI/Downloads/AgoraX/lib/screens/store/checkout_screen.dart","checkout_screen.dart","CheckoutScreen, _CheckoutScreenState","6","5","False"
"C:/Users/MSI/Downloads/AgoraX/lib/services/user/user_profile_cache_manager.dart","user_profile_cache_manager.dart","UserProfileCacheManager","76","70","False"
"C:/Users/MSI/Downloads/AgoraX/lib/screens/profile/connections_screen.dart","connections_screen.dart","ConnectionsScreen, _ConnectionsScreenState","1","1","False"
"C:/Users/MSI/Downloads/AgoraX/lib/models/room/room_background_model.dart","room_background_model.dart","RoomBackgroundType, AnimatedBackgroundType, RoomBackgroundItem, RoomBackgroundCatalog","6","5","False"
"C:/Users/MSI/Downloads/AgoraX/lib/widgets/skeletons/notification_skeleton_widget.dart","notification_skeleton_widget.dart","NotificationSkeletonWidget","2","1","False"
"C:/Users/MSI/Downloads/AgoraX/lib/widgets/chat/premium_chat_bubble.dart","premium_chat_bubble.dart","BubblePainter, PremiumChatBubble, _PremiumChatBubbleState","1","0","False"
"C:/Users/MSI/Downloads/AgoraX/lib/screens/store/payment_status_screen.dart","payment_status_screen.dart","PaymentStatusScreen, _PaymentStatusScreenState, PointParticle, SuccessSparklePainter","2","1","False"
"C:/Users/MSI/Downloads/AgoraX/lib/services/memberships/vip_controller.dart","vip_controller.dart","VipController","25","25","False"
"C:/Users/MSI/Downloads/AgoraX/lib/screens/profile/quiz_result_screen.dart","quiz_result_screen.dart","QuizResultScreen","1","0","False"
"C:/Users/MSI/Downloads/AgoraX/lib/widgets/memberships/novel_badge_widget.dart","novel_badge_widget.dart","SparklePainter, NovelBadgeWidget, _NovelBadgeWidgetState","8","4","False"
"C:/Users/MSI/Downloads/AgoraX/lib/screens/chat/chats_list_screen.dart","chats_list_screen.dart","ChatsListScreen, _ChatsListScreenState, LiveArenaUser","2","1","False"
"C:/Users/MSI/Downloads/AgoraX/lib/models/room/room_activity_event.dart","room_activity_event.dart","RoomActivityEvent","2","0","False"
"C:/Users/MSI/Downloads/AgoraX/lib/models/community/community_model.dart","community_model.dart","CommunityTask, Community, CommunityMembership, CommunityApplication","9","49","False"
"C:/Users/MSI/Downloads/AgoraX/lib/models/progression/progression_models.dart","progression_models.dart","UserProgressModel, TaskRewardModel, TaskModel, CheckinStatusModel, SpinRewardModel, SpinResultModel, AchievementModel, LoyaltyMilestoneModel, LoyaltyStatusModel","5","2","False"
"C:/Users/MSI/Downloads/AgoraX/lib/services/room/room_upload_controller.dart","room_upload_controller.dart","RoomUploadController","1","1","False"
"C:/Users/MSI/Downloads/AgoraX/lib/widgets/common/optimized_image.dart","optimized_image.dart","OptimizedImage","5","4","False"
"C:/Users/MSI/Downloads/AgoraX/lib/widgets/skeletons/arena_skeleton_widget.dart","arena_skeleton_widget.dart","ArenaSkeletonWidget","2","1","False"
"C:/Users/MSI/Downloads/AgoraX/lib/services/storage/admob_service.dart","admob_service.dart","AdmobService","2","2","False"
"C:/Users/MSI/Downloads/AgoraX/lib/screens/rooms/voice_room/animations/gifting_animation_overlay.dart","gifting_animation_overlay.dart","GiftingAnimationOverlay, _GiftingAnimationOverlayState, _ActivePathAnimation, _GiftingFlightPainter, _ExplosionBurstWidget, _ExplosionBurstWidgetState, _ExplosionPainter","1","1","False"
"C:/Users/MSI/Downloads/AgoraX/lib/screens/store/gift_membership_screen.dart","gift_membership_screen.dart","GiftMembershipScreen, _GiftMembershipScreenState","2","1","False"
"C:/Users/MSI/Downloads/AgoraX/lib/core/cosmetics_registry.dart","cosmetics_registry.dart","CosmeticAsset, CosmeticCollection, CosmeticsRegistry","1","0","False"
"C:/Users/MSI/Downloads/AgoraX/lib/widgets/gifting/gift_animation_overlay.dart","gift_animation_overlay.dart","GiftAnimationEvent, GiftAnimationOverlayWidget","5","4","False"
"C:/Users/MSI/Downloads/AgoraX/lib/screens/rooms/voice_room/animations/floating_emoji_item.dart","floating_emoji_item.dart","FloatingEmojiItem, _FloatingEmojiItemState","1","1","False"
"C:/Users/MSI/Downloads/AgoraX/lib/screens/study_vault/upload_book_screen.dart","upload_book_screen.dart","UploadBookScreen, _UploadBookScreenState","2","1","False"
"C:/Users/MSI/Downloads/AgoraX/lib/screens/events/organizer_question_management_screen.dart","organizer_question_management_screen.dart","OrganizerQuestionManagementScreen, _OrganizerQuestionManagementScreenState","1","1","False"
"C:/Users/MSI/Downloads/AgoraX/lib/screens/profile/daily_task_screen.dart","daily_task_screen.dart","DailyTaskScreen","5","4","False"
"C:/Users/MSI/Downloads/AgoraX/lib/services/chat/chat_socket_service.dart","chat_socket_service.dart","ChatSocketService","5","5","False"
"C:/Users/MSI/Downloads/AgoraX/lib/services/progression/progression_controller.dart","progression_controller.dart","ProgressionController","13","4","False"
"C:/Users/MSI/Downloads/AgoraX/lib/screens/career/brain_training_screen.dart","brain_training_screen.dart","BrainTrainingScreen, _BrainTrainingScreenState","1","1","False"
"C:/Users/MSI/Downloads/AgoraX/lib/screens/vip/vip_store_screen.dart","vip_store_screen.dart","VipStoreScreen, _VipStoreScreenState","0","0","True"
"C:/Users/MSI/Downloads/AgoraX/lib/widgets/gifting/creania_gift_animation_engine.dart","creania_gift_animation_engine.dart","GiftRequestEvent, CreaniaGiftAnimationEngine, _CreaniaGiftAnimationEngineState, _ParticleInfo, _RoseShowcaseWidget, _RosePainter, _HeartShowcaseWidget, _HeartPainter, _CoffeeShowcaseWidget, _CoffeePainter, _ChocolateShowcaseWidget, _ChocolatePainter, _BalloonShowcaseWidget, _BalloonPainter, _ButterflyShowcaseWidget, _ButterflyPainter, _CakeShowcaseWidget, _CakePainter, _DiamondShowcaseWidget, _DiamondPainter, _RingShowcaseWidget, _RingPainter, _CrownShowcaseWidget, _CrownPainter, _CarShowcaseWidget, _CarPainter, _JetShowcaseWidget, _JetPainter, _YachtShowcaseWidget, _YachtPainter, _DragonShowcaseWidget, _DragonPainter, _GalaxyShowcaseWidget, _GalaxyPainter, _CastleShowcaseWidget, _CastlePainter, _PhoenixShowcaseWidget, _PhoenixPainter, _LikeShowcaseWidget, _LikePainter, _FlowerShowcaseWidget, _FlowerPainter, _GiftBoxShowcaseWidget, _GiftBoxPainter, _GenericShowcaseWidget, _GenericPainter, _SeatLandingPainter, _RiseTrailPainter, _FlightTrailPainter","3","2","False"
"C:/Users/MSI/Downloads/AgoraX/lib/services/room/room_progression_controller.dart","room_progression_controller.dart","RoomProgressionController","2","2","False"
"C:/Users/MSI/Downloads/AgoraX/lib/screens/auth/login_screen.dart","login_screen.dart","LoginScreen, _LoginScreenState, ForgotPasswordBottomSheet, _ForgotPasswordBottomSheetState","6","6","False"
"C:/Users/MSI/Downloads/AgoraX/lib/widgets/profile/custom_image_editor.dart","custom_image_editor.dart","CustomImageEditor, CropRatio, EditorState, _CustomImageEditorState, _CircleClipper","7","6","False"
"C:/Users/MSI/Downloads/AgoraX/lib/core/shader_warmup.dart","shader_warmup.dart","AppShaderWarmup","2","1","False"
"C:/Users/MSI/Downloads/AgoraX/lib/widgets/common/creania_text_field.dart","creania_text_field.dart","CreaniaInputType, CreaniaTextField, _CreaniaTextFieldState","1","0","False"
"C:/Users/MSI/Downloads/AgoraX/lib/screens/rooms/voice_room/widgets/room_call_banner_and_xp.dart","room_call_banner_and_xp.dart","RoomCallBannerAndXp","1","1","False"
"C:/Users/MSI/Downloads/AgoraX/lib/widgets/skeletons/store_skeleton_widget.dart","store_skeleton_widget.dart","StoreSkeletonWidget","1","0","False"
"C:/Users/MSI/Downloads/AgoraX/lib/screens/index.dart","index.dart","","12","0","False"
"C:/Users/MSI/Downloads/AgoraX/lib/core/index.dart","index.dart","","13","0","False"
"C:/Users/MSI/Downloads/AgoraX/lib/services/user/user_progress_sync_service.dart","user_progress_sync_service.dart","UserProgressSyncService","12","10","False"
"C:/Users/MSI/Downloads/AgoraX/lib/widgets/common/app_skeleton.dart","app_skeleton.dart","AppSkeleton","7","6","False"
"C:/Users/MSI/Downloads/AgoraX/lib/services/room/room_pip_controller.dart","room_pip_controller.dart","RoomPipController","1","1","False"
"C:/Users/MSI/Downloads/AgoraX/lib/widgets/skeletons/profile_skeleton_widget.dart","profile_skeleton_widget.dart","ProfileSkeletonWidget, _ProfileSkeletonWidgetState","2","1","False"
"C:/Users/MSI/Downloads/AgoraX/lib/services/progression/career_progression_controller.dart","career_progression_controller.dart","CareerProgressionController, IdDailyController, CareerDailyController","8","6","False"
"C:/Users/MSI/Downloads/AgoraX/lib/screens/onboarding/onboarding_screen.dart","onboarding_screen.dart","OnboardingScreen, _OnboardingScreenState","2","1","False"
"C:/Users/MSI/Downloads/AgoraX/lib/services/network/websocket_resilience_manager.dart","websocket_resilience_manager.dart","WebSocketResilienceManager","1","1","False"
"C:/Users/MSI/Downloads/AgoraX/lib/screens/study_vault/study_vault_home_screen.dart","study_vault_home_screen.dart","StudyVaultHomeScreen, _StudyVaultHomeScreenState","4","2","False"
"C:/Users/MSI/Downloads/AgoraX/lib/services/room/room_chat_controller.dart","room_chat_controller.dart","RoomChatMessage, RoomChatController","4","5","False"
"C:/Users/MSI/Downloads/AgoraX/lib/screens/profile/account_center_screen.dart","account_center_screen.dart","AccountCenterScreen, _AccountCenterScreenState","3","1","False"
"C:/Users/MSI/Downloads/AgoraX/lib/screens/notifications/notification_history_screen.dart","notification_history_screen.dart","NotificationHistoryScreen, _NotificationHistoryScreenState","3","3","False"
"C:/Users/MSI/Downloads/AgoraX/lib/widgets/chat/message_limit_dialog.dart","message_limit_dialog.dart","MessageLimitDialog","2","1","False"
"C:/Users/MSI/Downloads/AgoraX/lib/screens/auth/signup_flow_screen.dart","signup_flow_screen.dart","SignupFlowScreen, _SignupFlowScreenState","2","2","False"
"C:/Users/MSI/Downloads/AgoraX/lib/screens/vip/vip_purchase_screen.dart","vip_purchase_screen.dart","VipPurchaseScreen, _VipPurchaseScreenState","5","4","False"
"C:/Users/MSI/Downloads/AgoraX/lib/screens/profile/profile_customization_screen.dart","profile_customization_screen.dart","ProfileCustomizationScreen, _ProfileCustomizationScreenState","2","2","False"
"C:/Users/MSI/Downloads/AgoraX/lib/services/storage/universal_image_optimizer.dart","universal_image_optimizer.dart","ImageCategoryType, OptimizedImageResult, UniversalImageOptimizer","3","3","False"
"C:/Users/MSI/Downloads/AgoraX/lib/screens/home/home_screen.dart","home_screen.dart","HomeScreen, _HomeScreenState","8","1","False"
"C:/Users/MSI/Downloads/AgoraX/lib/widgets/gifting/wallet_header_pill.dart","wallet_header_pill.dart","WalletHeaderPill, _WalletHeaderPillState","4","3","False"
"C:/Users/MSI/Downloads/AgoraX/lib/screens/rooms/voice_room/dialogs/seat_action_sheets.dart","seat_action_sheets.dart","SeatActionSheets","1","1","False"
"C:/Users/MSI/Downloads/AgoraX/lib/screens/profile/frame_selection_screen.dart","frame_selection_screen.dart","FrameSelectionScreen, _FrameSelectionScreenState","0","0","True"
"C:/Users/MSI/Downloads/AgoraX/lib/screens/rooms/voice_room/widgets/room_call_special_panels.dart","room_call_special_panels.dart","RoomCallSpecialPanels","1","1","False"
"C:/Users/MSI/Downloads/AgoraX/lib/screens/store/admin_store_panel.dart","admin_store_panel.dart","AdminStorePanel, _AdminStorePanelState","2","0","False"
"C:/Users/MSI/Downloads/AgoraX/lib/screens/rooms/voice_room_call_screen.dart","voice_room_call_screen.dart","VoiceRoomCallScreen, _VoiceRoomCallScreenState","7","7","False"
"C:/Users/MSI/Downloads/AgoraX/lib/services/network/request_batcher.dart","request_batcher.dart","BatchItem, RequestBatcher","1","1","False"
"C:/Users/MSI/Downloads/AgoraX/lib/models/community/event_model.dart","event_model.dart","EventStatus, EventFormat, EntryFeeType, EventReward, EventAntiCheat, EventWinner, Event, RoundConfig","14","43","False"
"C:/Users/MSI/Downloads/AgoraX/lib/screens/rooms/voice_room/dialogs/online_members_dialog.dart","online_members_dialog.dart","OnlineMembersDialog","2","1","False"
"C:/Users/MSI/Downloads/AgoraX/lib/screens/profile/progression_admin_dashboard.dart","progression_admin_dashboard.dart","ProgressionAdminDashboard, _ProgressionAdminDashboardState","1","0","False"
"C:/Users/MSI/Downloads/AgoraX/lib/screens/rooms/room_profile_screen.dart","room_profile_screen.dart","RoomProfileScreen","2","0","False"
"C:/Users/MSI/Downloads/AgoraX/lib/services/network/delta_sync_manager.dart","delta_sync_manager.dart","DeltaSyncManager","1","1","False"
"C:/Users/MSI/Downloads/AgoraX/lib/core/performance_config.dart","performance_config.dart","PerformanceConfig","2","1","False"
"C:/Users/MSI/Downloads/AgoraX/lib/screens/events/event_detail_screen.dart","event_detail_screen.dart","EventDetailScreen, _EventDetailScreenState","2","2","False"
"C:/Users/MSI/Downloads/AgoraX/lib/screens/communities/communities_screen.dart","communities_screen.dart","CommunitiesScreen, _CommunitiesScreenState","2","1","False"
"C:/Users/MSI/Downloads/AgoraX/lib/core/api_error_handler.dart","api_error_handler.dart","ApiErrorHandler","7","5","False"
"C:/Users/MSI/Downloads/AgoraX/lib/services/voice/voice_controller.dart","voice_controller.dart","VoiceController","15","11","False"
"C:/Users/MSI/Downloads/AgoraX/lib/screens/novel/novel_expired_screen.dart","novel_expired_screen.dart","NovelExpiredScreen","0","0","True"
"C:/Users/MSI/Downloads/AgoraX/lib/services/room/room_discovery_controller.dart","room_discovery_controller.dart","RoomDiscoveryController","3","3","False"
"C:/Users/MSI/Downloads/AgoraX/lib/services/storage/asset_cache_manager.dart","asset_cache_manager.dart","ImageQuality, CreaniaAssetCacheManager, AssetCacheManager","9","10","False"
"C:/Users/MSI/Downloads/AgoraX/lib/widgets/community/community_card.dart","community_card.dart","CommunityCard","2","0","False"
"C:/Users/MSI/Downloads/AgoraX/lib/screens/store/coin_store_screen.dart","coin_store_screen.dart","CoinStoreScreen","3","2","False"
"C:/Users/MSI/Downloads/AgoraX/lib/services/user/permission_service.dart","permission_service.dart","PermissionService","1","1","False"
"C:/Users/MSI/Downloads/AgoraX/lib/widgets/memberships/default_entry_animation.dart","default_entry_animation.dart","DefaultEntryAnimation, _DefaultEntryAnimationState","1","0","False"
"C:/Users/MSI/Downloads/AgoraX/lib/widgets/room/custom_youtube_player.dart","custom_youtube_player.dart","CustomYoutubePlayer, _CustomYoutubePlayerState","1","0","False"
"C:/Users/MSI/Downloads/AgoraX/lib/utils/secure_dto_sanitizer.dart","secure_dto_sanitizer.dart","SecureDtoSanitizer","3","3","False"
"C:/Users/MSI/Downloads/AgoraX/lib/screens/home/main_screen.dart","main_screen.dart","MainScreen, _MainScreenState","6","5","False"
"C:/Users/MSI/Downloads/AgoraX/lib/screens/auth/index.dart","index.dart","","13","0","False"
"C:/Users/MSI/Downloads/AgoraX/lib/services/voice/voice_service.dart","voice_service.dart","VoiceService","1","1","False"
"C:/Users/MSI/Downloads/AgoraX/lib/services/room/room_seat_controller.dart","room_seat_controller.dart","RoomSeatController","2","2","False"
"C:/Users/MSI/Downloads/AgoraX/lib/screens/chat/chat_settings_screen.dart","chat_settings_screen.dart","ChatSettingsScreen, _ChatSettingsScreenState","1","1","False"
"C:/Users/MSI/Downloads/AgoraX/lib/services/voice/permission_manager.dart","permission_manager.dart","PermissionManager","1","1","False"
"C:/Users/MSI/Downloads/AgoraX/lib/widgets/room/room_contribution_dialog.dart","room_contribution_dialog.dart","RoomContributionDialog, _RoomContributionDialogState","1","0","False"
"C:/Users/MSI/Downloads/AgoraX/lib/screens/rooms/voice_room/widgets/room_call_seat_grid.dart","room_call_seat_grid.dart","RoomCallSeatGrid","1","1","False"
"C:/Users/MSI/Downloads/AgoraX/lib/screens/chat/new_chat_screen.dart","new_chat_screen.dart","NewChatScreen, _NewChatScreenState","1","1","False"
"C:/Users/MSI/Downloads/AgoraX/lib/services/community/event_controller.dart","event_controller.dart","EventController","8","8","False"
"C:/Users/MSI/Downloads/AgoraX/lib/services/storage/fcm_notification_service.dart","fcm_notification_service.dart","FCMNotificationService","5","4","False"
"C:/Users/MSI/Downloads/AgoraX/lib/models/room/room_model.dart","room_model.dart","VoiceRoom, RoomMember","21","20","False"
"C:/Users/MSI/Downloads/AgoraX/lib/widgets/community/post_attachments_widget.dart","post_attachments_widget.dart","PostAttachmentsWidget","4","3","False"
"C:/Users/MSI/Downloads/AgoraX/lib/services/store/razorpay_backend_service.dart","razorpay_backend_service.dart","RazorpayOrder, RazorpayBackendService","5","4","False"
"C:/Users/MSI/Downloads/AgoraX/lib/widgets/profile/custom_avatar_frame.dart","custom_avatar_frame.dart","CustomAvatarFrame, _CustomAvatarFrameState","10","10","False"
"C:/Users/MSI/Downloads/AgoraX/lib/widgets/profile/mini_profile_widget.dart","mini_profile_widget.dart","MiniProfileVariant, MiniProfileWidget, _MiniProfileWidgetState","1","0","False"
"C:/Users/MSI/Downloads/AgoraX/lib/services/room/room_member_controller.dart","room_member_controller.dart","RoomMemberController","2","2","False"
"C:/Users/MSI/Downloads/AgoraX/lib/screens/settings/settings_screen.dart","settings_screen.dart","SettingsScreen, _SettingsScreenState","3","1","False"
"C:/Users/MSI/Downloads/AgoraX/lib/screens/store/lucky_draw_screen.dart","lucky_draw_screen.dart","LuckyDrawScreen, _LuckyDrawScreenState, WheelPainter, PointerPainter","2","2","False"
"C:/Users/MSI/Downloads/AgoraX/lib/models/vault/study_vault_model.dart","study_vault_model.dart","StudyVaultItem, StudyReview, VaultWallet, VaultTransaction, ReadingHistory","8","7","False"
"C:/Users/MSI/Downloads/AgoraX/lib/widgets/memberships/vip_avatar_decorator.dart","vip_avatar_decorator.dart","VipAvatarDecorator, _VipAvatarDecoratorState, RoyalSparklePainter, NeonHexagonPainter, IceSpikePainter, ShimmerSweepPainter, ObsidianDragonPainter","7","6","False"
"C:/Users/MSI/Downloads/AgoraX/lib/services/vault/vault_controller.dart","vault_controller.dart","VaultController","15","3","False"
"C:/Users/MSI/Downloads/AgoraX/lib/models/progression/career_dna_model.dart","career_dna_model.dart","CareerDimension, CareerMatch, ReadinessScore, CareerDNA, SkillNodeStatus, SkillNode, SkillTree","3","2","False"
"C:/Users/MSI/Downloads/AgoraX/lib/screens/rooms/voice_room/dialogs/mini_profile_dialog.dart","mini_profile_dialog.dart","MiniProfileDialog, _MiniProfileDialogState","5","4","False"
"C:/Users/MSI/Downloads/AgoraX/lib/screens/events/wallet_screen.dart","wallet_screen.dart","WalletScreen, _WalletScreenState","3","2","False"
"C:/Users/MSI/Downloads/AgoraX/lib/screens/profile/edit_profile_screen.dart","edit_profile_screen.dart","EditProfileScreen, _EditProfileScreenState","1","1","False"
"C:/Users/MSI/Downloads/AgoraX/lib/screens/events/event_dashboard_screen.dart","event_dashboard_screen.dart","EventDashboardScreen, _EventDashboardScreenState","1","1","False"
"C:/Users/MSI/Downloads/AgoraX/lib/widgets/community/post_card.dart","post_card.dart","PostCard, _PostCardState","2","1","False"
"C:/Users/MSI/Downloads/AgoraX/lib/screens/vip/vip_expired_screen.dart","vip_expired_screen.dart","VipExpiredScreen","0","0","True"
"C:/Users/MSI/Downloads/AgoraX/lib/models/index.dart","index.dart","","13","0","False"
"C:/Users/MSI/Downloads/AgoraX/lib/services/network/adaptive_media_manager.dart","adaptive_media_manager.dart","AdaptiveMediaManager","2","1","False"
"C:/Users/MSI/Downloads/AgoraX/lib/screens/rooms/voice_room/dialogs/seat_applications_dialog.dart","seat_applications_dialog.dart","SeatApplicationsDialog, _SeatApplicationsDialogState","2","1","False"
"C:/Users/MSI/Downloads/AgoraX/lib/widgets/profile/premium_name_widget.dart","premium_name_widget.dart","PremiumEffectsResolver, PremiumNameWidget, _PremiumNameWidgetState","4","3","False"
"C:/Users/MSI/Downloads/AgoraX/lib/widgets/skeletons/community_skeleton_widget.dart","community_skeleton_widget.dart","CommunitySkeletonWidget","2","1","False"
"C:/Users/MSI/Downloads/AgoraX/lib/services/room/room_connection_controller.dart","room_connection_controller.dart","RoomConnectionController","1","1","False"
"C:/Users/MSI/Downloads/AgoraX/lib/models/progression/room_progression_models.dart","room_progression_models.dart","RoomDailyTask, RoomLevelProgress, RoomStatistics","3","2","False"
"C:/Users/MSI/Downloads/AgoraX/lib/models/gift/gift_animation_config.dart","gift_animation_config.dart","ParticleEffectType, GiftAnimationConfig, GiftAnimationRegistry","2","0","False"
"C:/Users/MSI/Downloads/AgoraX/lib/widgets/common/custom_permission_popup.dart","custom_permission_popup.dart","CustomPermissionPopup","2","1","False"
"C:/Users/MSI/Downloads/AgoraX/lib/core/theme.dart","theme.dart","AppTheme","99","25","False"
"C:/Users/MSI/Downloads/AgoraX/lib/models/chat/chat_model.dart","chat_model.dart","MessageType, MessageStatus, ChatMessage, Conversation","15","21","False"
"C:/Users/MSI/Downloads/AgoraX/lib/utils/number_formatter.dart","number_formatter.dart","","10","0","False"
"C:/Users/MSI/Downloads/AgoraX/lib/screens/profile/study_admin_panel_screen.dart","study_admin_panel_screen.dart","StudyAdminPanelScreen","1","0","False"
"C:/Users/MSI/Downloads/AgoraX/lib/models/vault/study_category_model.dart","study_category_model.dart","StudyBadge, DailyTask, DailyTaskType, LevelTitle, StudyCategory, StudyCategoryData","2","11","False"
"C:/Users/MSI/Downloads/AgoraX/lib/widgets/memberships/vip_badge_widget.dart","vip_badge_widget.dart","VipBadgeWidget, _VipBadgeWidgetState","11","6","False"
"C:/Users/MSI/Downloads/AgoraX/lib/models/community/question_model.dart","question_model.dart","Question","3","13","False"
"C:/Users/MSI/Downloads/AgoraX/lib/widgets/common/network_error_widget.dart","network_error_widget.dart","NetworkErrorStateWidget","2","1","False"
"C:/Users/MSI/Downloads/AgoraX/lib/screens/rooms/voice_room/widgets/seat_voice_effect.dart","seat_voice_effect.dart","SeatVoiceEffect","1","0","False"
"C:/Users/MSI/Downloads/AgoraX/lib/screens/onboarding/permission_onboarding_screen.dart","permission_onboarding_screen.dart","PermissionOnboardingScreen, _PermissionOnboardingScreenState, _PermissionItem","1","0","False"
"C:/Users/MSI/Downloads/AgoraX/lib/widgets/gifting/gift_history_bottom_sheet.dart","gift_history_bottom_sheet.dart","GiftHistoryBottomSheet, _GiftHistoryBottomSheetState","2","1","False"
"C:/Users/MSI/Downloads/AgoraX/lib/widgets/chat/voice_message_player_widget.dart","voice_message_player_widget.dart","VoiceMessagePlayerWidget, _VoiceMessagePlayerWidgetState","2","1","False"
"C:/Users/MSI/Downloads/AgoraX/lib/main.dart","main.dart","MyHttpOverrides, MyApp","0","0","True"
"C:/Users/MSI/Downloads/AgoraX/lib/screens/auth/terms_screen.dart","terms_screen.dart","TermsScreen","3","1","False"
"C:/Users/MSI/Downloads/AgoraX/lib/services/room/room_moderation_controller.dart","room_moderation_controller.dart","RoomModerationController","2","2","False"
"C:/Users/MSI/Downloads/AgoraX/lib/services/room/room_background_controller.dart","room_background_controller.dart","RoomBackgroundController","2","2","False"
"C:/Users/MSI/Downloads/AgoraX/lib/services/voice/voice_repository.dart","voice_repository.dart","VoiceRepository","1","1","False"
"C:/Users/MSI/Downloads/AgoraX/lib/screens/store/store_home_screen.dart","store_home_screen.dart","StoreHomeScreen, _StoreHomeScreenState","5","5","False"
"C:/Users/MSI/Downloads/AgoraX/lib/services/room/room_permission_controller.dart","room_permission_controller.dart","RoomPermissionController","3","3","False"
"C:/Users/MSI/Downloads/AgoraX/lib/services/voice/room_voice_manager.dart","room_voice_manager.dart","RoomVoiceManager","4","4","False"
"C:/Users/MSI/Downloads/AgoraX/lib/widgets/community/community_join_button.dart","community_join_button.dart","CommunityJoinButton, _CommunityJoinButtonState","5","4","False"
"C:/Users/MSI/Downloads/AgoraX/lib/screens/explore/explore_screen.dart","explore_screen.dart","ExploreScreen, _ExploreScreenState, _SliverTabBarDelegate","2","1","False"
"C:/Users/MSI/Downloads/AgoraX/lib/screens/rooms/voice_room/dialogs/member_list_dialog.dart","member_list_dialog.dart","MemberListDialog","1","1","False"
"C:/Users/MSI/Downloads/AgoraX/lib/screens/career/hiring_score_screen.dart","hiring_score_screen.dart","HiringScoreScreen, _HiringScoreScreenState, _GaugePainter","1","1","False"
"C:/Users/MSI/Downloads/AgoraX/lib/widgets/profile/level_up_dialog.dart","level_up_dialog.dart","LevelUpDialog, _LevelUpDialogState","2","1","False"
"C:/Users/MSI/Downloads/AgoraX/lib/widgets/chat/voice_message_recorder_widget.dart","voice_message_recorder_widget.dart","VoiceMessageRecorderWidget, _VoiceMessageRecorderWidgetState","1","0","False"
"C:/Users/MSI/Downloads/AgoraX/lib/screens/rooms/voice_room/dialogs/room_audio_settings_dialog.dart","room_audio_settings_dialog.dart","RoomAudioSettingsDialog, _RoomAudioSettingsDialogState","1","0","False"
"C:/Users/MSI/Downloads/AgoraX/lib/screens/profile/gifting_contribution_screen.dart","gifting_contribution_screen.dart","GiftingContributionScreen, _GiftingContributionScreenState","1","1","False"
"C:/Users/MSI/Downloads/AgoraX/lib/screens/profile/mcq_quiz_screen.dart","mcq_quiz_screen.dart","MCQQuizScreen","3","2","False"
"C:/Users/MSI/Downloads/AgoraX/lib/services/room/room_controller.dart","room_controller.dart","RoomController","28","25","False"
"C:/Users/MSI/Downloads/AgoraX/lib/screens/events/create_event_screen.dart","create_event_screen.dart","CreateEventScreen, _CreateEventScreenState","1","0","False"
"C:/Users/MSI/Downloads/AgoraX/lib/core/chat_crypto.dart","chat_crypto.dart","ChatCrypto","3","2","False"
"C:/Users/MSI/Downloads/AgoraX/lib/services/storage/theme_controller.dart","theme_controller.dart","ThemeController","2","2","False"
"C:/Users/MSI/Downloads/AgoraX/lib/screens/profile/badges_screen.dart","badges_screen.dart","BadgesScreen, _BadgesScreenState","1","1","False"
"C:/Users/MSI/Downloads/AgoraX/lib/screens/rooms/create_room_screen.dart","create_room_screen.dart","CreateRoomScreen, _CreateRoomScreenState","2","1","False"
"C:/Users/MSI/Downloads/AgoraX/lib/screens/rooms/voice_room/dialogs/room_settings_management.dart","room_settings_management.dart","RoomSettingsManagement","2","1","False"
"C:/Users/MSI/Downloads/AgoraX/lib/screens/store/history_screen.dart","history_screen.dart","StoreHistoryScreen, _StoreHistoryScreenState","5","1","False"
"C:/Users/MSI/Downloads/AgoraX/lib/screens/study_vault/my_library_screen.dart","my_library_screen.dart","MyLibraryScreen, _MyLibraryScreenState","3","2","False"
"C:/Users/MSI/Downloads/AgoraX/lib/screens/events/live_event_winner_screen.dart","live_event_winner_screen.dart","LiveEventWinnerScreen, _LiveEventWinnerScreenState","1","1","False"
"C:/Users/MSI/Downloads/AgoraX/lib/services/room/room_voice_controller.dart","room_voice_controller.dart","RoomVoiceController","2","2","False"
"C:/Users/MSI/Downloads/AgoraX/lib/screens/rooms/voice_room/widgets/room_call_chat_box.dart","room_call_chat_box.dart","RoomCallChatBox","1","1","False"
"C:/Users/MSI/Downloads/AgoraX/lib/screens/events/live_event_lobby_screen.dart","live_event_lobby_screen.dart","LiveEventLobbyScreen, _LiveEventLobbyScreenState","1","1","False"
"C:/Users/MSI/Downloads/AgoraX/lib/screens/profile/profile_screen.dart","profile_screen.dart","ProfileScreen, _ProfileScreenState, _BreathingVTag, _BreathingVTagState, ProfileHeaderCurveClipper, ProfileHeaderCurveShadowPainter","16","15","False"
"C:/Users/MSI/Downloads/AgoraX/lib/widgets/room/creania_vp_progress_bar.dart","creania_vp_progress_bar.dart","CreaniaVpProgressBar, _CreaniaBarPainter, _HexagonBadgePainter","2","1","False"
"C:/Users/MSI/Downloads/AgoraX/lib/widgets/skeletons/chat_list_skeleton_widget.dart","chat_list_skeleton_widget.dart","ChatListSkeletonWidget","2","1","False"
"C:/Users/MSI/Downloads/AgoraX/lib/screens/career/career_dna_screen.dart","career_dna_screen.dart","CareerDnaScreen, _CareerDnaScreenState, _RadarChartPainter","1","1","False"
"C:/Users/MSI/Downloads/AgoraX/lib/screens/profile/progression_rewards_screen.dart","progression_rewards_screen.dart","ProgressionRewardsScreen, _ProgressionRewardsScreenState","1","0","False"
"C:/Users/MSI/Downloads/AgoraX/lib/services/user/email_validation_service.dart","email_validation_service.dart","EmailValidationService","1","1","False"
"C:/Users/MSI/Downloads/AgoraX/lib/services/room/room_gift_controller.dart","room_gift_controller.dart","RoomGiftController","3","3","False"
"C:/Users/MSI/Downloads/AgoraX/lib/services/store/store_controller.dart","store_controller.dart","CoinPack, StoreOrderItem, CoinTransaction, LuckyDrawReward, StoreController","30","26","False"
"C:/Users/MSI/Downloads/AgoraX/lib/screens/career/ai_mentor_screen.dart","ai_mentor_screen.dart","AiMentorScreen, _AiMentorScreenState","1","1","False"
"C:/Users/MSI/Downloads/AgoraX/lib/services/community/community_controller.dart","community_controller.dart","CommunityController","9","8","False"
"C:/Users/MSI/Downloads/AgoraX/lib/models/user/user_model.dart","user_model.dart","User, TagSystem, IdentityTag, OfficialStatus","28","118","False"
"C:/Users/MSI/Downloads/AgoraX/lib/screens/rooms/voice_room/dialogs/room_settings_dialog.dart","room_settings_dialog.dart","RoomSettingsDialog, _RoomSettingsDialogState","2","2","False"
"C:/Users/MSI/Downloads/AgoraX/lib/screens/communities/create_community_screen.dart","create_community_screen.dart","CreateCommunityScreen, _CreateCommunityScreenState","1","1","False"
"C:/Users/MSI/Downloads/AgoraX/lib/services/storage/isar_storage_service.dart","isar_storage_service.dart","IsarStorageService","5","5","False"
"C:/Users/MSI/Downloads/AgoraX/lib/screens/rooms/voice_room/dialogs/mini_profile_sheets.dart","mini_profile_sheets.dart","MiniProfileSheets","2","1","False"
"C:/Users/MSI/Downloads/AgoraX/lib/screens/coming_soon_screen.dart","coming_soon_screen.dart","ComingSoonScreen","2","2","False"
"C:/Users/MSI/Downloads/AgoraX/lib/screens/career/skill_tree_screen.dart","skill_tree_screen.dart","SkillTreeScreen, _SkillTreeScreenState","1","1","False"
"C:/Users/MSI/Downloads/AgoraX/lib/screens/events/events_screen.dart","events_screen.dart","EventsScreen, _EventsScreenState","1","1","False"
"C:/Users/MSI/Downloads/AgoraX/lib/core/constants.dart","constants.dart","ZegoCloudConfig, ApiConfig, FirebaseConfig, AppConfig, PaymentConfig, AppRoutes, AppAssets, AppStrings","1","0","False"
"C:/Users/MSI/Downloads/AgoraX/lib/widgets/room/room_dynamic_background_widget.dart","room_dynamic_background_widget.dart","RoomDynamicBackgroundWidget, _RoomDynamicBackgroundWidgetState, _ParticlesPainter, _StarsPainter, _FloatingLightsPainter, _SnowPainter, _RainPainter, _BubblesPainter, _FirefliesPainter, _AuroraPainter, _AnimatedGradientPainter","1","0","False"
"C:/Users/MSI/Downloads/AgoraX/lib/widgets/room/video_player_dialog.dart","video_player_dialog.dart","VideoPlayerDialog, _VideoPlayerDialogState","3","2","False"
"C:/Users/MSI/Downloads/AgoraX/lib/services/network/network_connectivity_service.dart","network_connectivity_service.dart","NetworkConnectivityService","2","2","False"
"C:/Users/MSI/Downloads/AgoraX/lib/screens/study_vault/study_vault_reader_screen.dart","study_vault_reader_screen.dart","StudyVaultReaderScreen, _StudyVaultReaderScreenState, BinaryNode","3","2","False"
"C:/Users/MSI/Downloads/AgoraX/lib/screens/vip/vip_history_screen.dart","vip_history_screen.dart","VipHistoryScreen","0","0","True"
"C:/Users/MSI/Downloads/AgoraX/lib/models/chat/isar_chat_model.g.dart","isar_chat_model.g.dart","","1","0","False"
"C:/Users/MSI/Downloads/AgoraX/lib/screens/profile/progression_center_screen.dart","progression_center_screen.dart","ProgressionCenterScreen, _ProgressionCenterScreenState, WheelPainter","1","2","False"
"C:/Users/MSI/Downloads/AgoraX/lib/screens/communities/community_detail_screen.dart","community_detail_screen.dart","CommunityDetailScreen, _CommunityDetailScreenState, _StickyTabBarDelegate","4","4","False"
"C:/Users/MSI/Downloads/AgoraX/lib/widgets/skeletons/followers_skeleton_widget.dart","followers_skeleton_widget.dart","FollowersSkeletonWidget","2","1","False"
"C:/Users/MSI/Downloads/AgoraX/lib/widgets/common/glass_card.dart","glass_card.dart","GlassCard","1","0","False"
"C:/Users/MSI/Downloads/AgoraX/lib/screens/rooms/voice_room/widgets/room_call_bottom_controls.dart","room_call_bottom_controls.dart","RoomCallBottomControls","1","1","False"
"C:/Users/MSI/Downloads/AgoraX/lib/services/chat/chat_controller.dart","chat_controller.dart","ChatController","17","13","False"
"C:/Users/MSI/Downloads/AgoraX/lib/widgets/memberships/novel_avatar_decorator.dart","novel_avatar_decorator.dart","NovelAvatarDecorator, _NovelAvatarDecoratorState, GalaxyOrbitPainter, MarblePalacePainter, DragonWingsPainter, PhoenixWingsPainter, CelestialTemplePainter, CosmicEmperorVoidPainter","7","5","False"
"C:/Users/MSI/Downloads/AgoraX/lib/widgets/room/room_upgrade_dialog.dart","room_upgrade_dialog.dart","RoomUpgradeDialog","2","1","False"
"C:/Users/MSI/Downloads/AgoraX/lib/widgets/memberships/novel_entry_animation.dart","novel_entry_animation.dart","NovelVideoPreloader, EntryParticlePainter, NovelEntryAnimation, _NovelEntryAnimationState, _GoldLine, _NParticle, _NParticlePainter","2","4","False"
"C:/Users/MSI/Downloads/AgoraX/lib/widgets/chat/chat_media_attachment_widget.dart","chat_media_attachment_widget.dart","ChatMediaAttachmentWidget, _ChatMediaAttachmentWidgetState","2","1","False"
"C:/Users/MSI/Downloads/AgoraX/lib/widgets/room/room_controls_widget.dart","room_controls_widget.dart","RoomControlsWidget","1","0","False"
"C:/Users/MSI/Downloads/AgoraX/lib/services/network/ultra_network_client.dart","ultra_network_client.dart","_DnsCacheRecord, DnsCacheInterceptor, NetworkRetryInterceptor, ApiResponseCacheInterceptor, CacheEntry, UltraNetworkClient","1","1","False"
"C:/Users/MSI/Downloads/AgoraX/lib/screens/splash/splash_screen.dart","splash_screen.dart","SplashScreen, _SplashScreenState, Particle, ParticlePainter","1","6","False"
"C:/Users/MSI/Downloads/AgoraX/lib/screens/rooms/voice_room/dialogs/mini_profile_badges.dart","mini_profile_badges.dart","MiniProfileBadges","2","1","False"
"C:/Users/MSI/Downloads/AgoraX/lib/models/chat/isar_chat_model.dart","isar_chat_model.dart","IsarConversation, IsarChatMessage, late, late","6","79","False"
"C:/Users/MSI/Downloads/AgoraX/lib/models/community/post_model.dart","post_model.dart","Post","6","12","False"
"C:/Users/MSI/Downloads/AgoraX/lib/core/responsive.dart","responsive.dart","DeviceType, AppBreakpoints, AppSpacing, AppRadius, AppDimensions, AppTypography, ResponsiveBuilder, ResponsiveGrid","2","3","False"
"C:/Users/MSI/Downloads/AgoraX/lib/screens/vault/creania_vault_home_screen.dart","creania_vault_home_screen.dart","CreaniaVaultHomeScreen, _CreaniaVaultHomeScreenState","1","1","False"
"C:/Users/MSI/Downloads/AgoraX/lib/models/gift/gift_animation_metadata.dart","gift_animation_metadata.dart","GiftAnimationMode, GiftTier, FlightPathType, ShowcaseAnimationType, SeatEffectType, ChatEffectType, GiftStackingConfig, GiftAnimationMetadata, GiftMetadataRegistry","9","5","False"
"C:/Users/MSI/Downloads/AgoraX/lib/screens/study_vault/membership_center_screen.dart","membership_center_screen.dart","MembershipCenterScreen, _MembershipCenterScreenState","2","1","False"
"C:/Users/MSI/Downloads/AgoraX/lib/screens/career/career_hub_screen.dart","career_hub_screen.dart","_StubScreen, CareerHubScreen, _CareerHubScreenState","1","1","False"
"C:/Users/MSI/Downloads/AgoraX/lib/screens/novel/novel_purchase_screen.dart","novel_purchase_screen.dart","NovelPurchaseScreen, _NovelPurchaseScreenState","5","4","False"
"C:/Users/MSI/Downloads/AgoraX/lib/screens/settings/notification_settings_screen.dart","notification_settings_screen.dart","NotificationSettingsScreen, _NotificationSettingsScreenState","1","1","False"
"C:/Users/MSI/Downloads/AgoraX/lib/services/memberships/novel_controller.dart","novel_controller.dart","NovelController","20","20","False"
"C:/Users/MSI/Downloads/AgoraX/lib/services/room/room_activity_controller.dart","room_activity_controller.dart","RoomActivityController","3","3","False"
"C:/Users/MSI/Downloads/AgoraX/lib/services/vault/study_category_controller.dart","study_category_controller.dart","RankTier, StudyCategoryController, MCQQuestion, DailyLearningDay, CategoryLearningPack","8","6","False"
"C:/Users/MSI/Downloads/AgoraX/lib/screens/rooms/voice_room/models/floating_reaction.dart","floating_reaction.dart","FloatingReaction","2","2","False"
"C:/Users/MSI/Downloads/AgoraX/lib/services/room/room_realtime_controller.dart","room_realtime_controller.dart","RoomRealtimeController","5","5","False"
"C:/Users/MSI/Downloads/AgoraX/lib/widgets/memberships/vip_entry_animation.dart","vip_entry_animation.dart","VipVideoPreloader, EntryParticlePainter, VipEntryAnimation, _VipEntryAnimationState","2","3","False"
"C:/Users/MSI/Downloads/AgoraX/lib/screens/study_vault/admin_vault_panel_screen.dart","admin_vault_panel_screen.dart","AdminVaultPanelScreen, _AdminVaultPanelScreenState","3","0","False"
"C:/Users/MSI/Downloads/AgoraX/lib/screens/store/vip_novel_store_tab.dart","vip_novel_store_tab.dart","VipPlan, NovelPlan, VipNovelStoreTab, _VipNovelStoreTabState","2","1","False"
"C:/Users/MSI/Downloads/AgoraX/lib/widgets/index.dart","index.dart","","13","0","False"
"C:/Users/MSI/Downloads/AgoraX/lib/models/vault/vault_models.dart","vault_models.dart","VaultItem, VaultHistoryEntry","4","3","False"
"C:/Users/MSI/Downloads/AgoraX/lib/screens/rooms/voice_room/widgets/breathing_indicators.dart","breathing_indicators.dart","PulsingOnlineIndicator, _PulsingOnlineIndicatorState, BreathingVTag, _BreathingVTagState, BreathingWidget, _BreathingWidgetState, PulseWidget, _PulseWidgetState","2","2","False"
"C:/Users/MSI/Downloads/AgoraX/lib/services/user/premium_identity_controller.dart","premium_identity_controller.dart","UserVerification, OfficialTag, CommunityTag, PremiumIdentity, PremiumIdentityController","5","6","False"
"C:/Users/MSI/Downloads/AgoraX/lib/screens/profile/category_selection_screen.dart","category_selection_screen.dart","CategorySelectionScreen, _CategorySelectionScreenState","1","0","False"
"C:/Users/MSI/Downloads/AgoraX/lib/widgets/room/room_background_picker_sheet.dart","room_background_picker_sheet.dart","RoomBackgroundPickerSheet, _RoomBackgroundPickerSheetState","1","0","False"
"C:/Users/MSI/Downloads/AgoraX/lib/screens/study_vault/book_details_screen.dart","book_details_screen.dart","BookDetailsScreen, _BookDetailsScreenState","5","4","False"
"C:/Users/MSI/Downloads/AgoraX/lib/screens/rooms/voice_room/widgets/voice_waveform_widget.dart","voice_waveform_widget.dart","VoiceWaveformWidget","1","0","False"
"C:/Users/MSI/Downloads/AgoraX/lib/screens/rooms/voice_room/widgets/room_call_header.dart","room_call_header.dart","RoomCallHeader","1","1","False"
"C:/Users/MSI/Downloads/AgoraX/lib/widgets/gifting/send_gift_dialog.dart","send_gift_dialog.dart","GiftItem, SendGiftDialog, _SendGiftDialogState","7","8","False"
"C:/Users/MSI/Downloads/AgoraX/lib/screens/study_vault/seller_dashboard_screen.dart","seller_dashboard_screen.dart","SellerDashboardScreen, _SellerDashboardScreenState","3","2","False"
"C:/Users/MSI/Downloads/AgoraX/lib/widgets/memberships/novel_entry_effect.dart","novel_entry_effect.dart","NovelEntryEffect, _NovelEntryEffectState, _GoldLine, _Particle, _ParticlePainter","1","1","False"
"C:/Users/MSI/Downloads/AgoraX/lib/models/community/community_event_model.dart","community_event_model.dart","CommunityEvent, CommunityAnnouncement, CommunityLog","4","1","False"
"C:/Users/MSI/Downloads/AgoraX/lib/screens/events/live_event_play_screen.dart","live_event_play_screen.dart","LiveEventPlayScreen, _LiveEventPlayScreenState","2","2","False"
"C:/Users/MSI/Downloads/AgoraX/lib/screens/chat/chat_screen.dart","chat_screen.dart","ChatScreen, _ChatScreenState","7","6","False"
"C:/Users/MSI/Downloads/AgoraX/lib/services/network/network_adaptive_manager.dart","network_adaptive_manager.dart","NetworkTier, MediaQualitySetting, DynamicNetworkPolicy, NetworkAdaptiveManager","6","6","False"
"C:/Users/MSI/Downloads/AgoraX/lib/services/user/customization_controller.dart","customization_controller.dart","CustomizationController","17","17","False"
"C:/Users/MSI/Downloads/AgoraX/lib/services/network/offline_queue_manager.dart","offline_queue_manager.dart","OfflineActionItem, OfflineQueueManager","1","1","False"
"C:/Users/MSI/Downloads/AgoraX/lib/screens/rooms/rooms_screen.dart","rooms_screen.dart","RoomsScreen, _RoomsScreenState","2","1","False"
"C:/Users/MSI/Downloads/AgoraX/lib/services/vault/study_vault_controller.dart","study_vault_controller.dart","StudyVaultController, does","13","17","False"
"C:/Users/MSI/Downloads/AgoraX/lib/screens/career/live_battle_screen.dart","live_battle_screen.dart","LiveBattleScreen, _LiveBattleScreenState","1","1","False"
